Destination,What got shipped,Number of crates,Profit per crate
Neptune,Heavy Duty Steel Shoes,638,2896
Saturn,Synergistic Linen Car,579,3380
Uranus,Mediocre Plastic Bench,786,656
Neptune,Practical Linen Computer,964,2996
Venus,Ergonomic Wooden Bag,265,1683
Jupiter,Mediocre Copper Clock,755,4318
Neptune,Awesome Paper Lamp,698,2919
Mars,Durable Wooden Gloves,626,2738
Mercury,Rustic Concrete Knife,863,4936
Mercury,Practical Wool Shirt,971,563
Earth,Synergistic Aluminum Keyboard,812,2947
Mercury,Sleek Rubber Hat,327,4268
Venus,Durable Plastic Gloves,542,4871
Uranus,Mediocre Paper Table,881,1232
Mercury,Practical Paper Shirt,615,3589
Mercury,Awesome Steel Shoes,857,4709
Venus,Awesome Cotton Shoes,394,834
Uranus,Rustic Bronze Computer,48,4708
Mercury,Mediocre Cotton Knife,162,4960
Uranus,Incredible Cotton Chair,348,601
Mars,Fantastic Steel Bench,680,4521
Mercury,Synergistic Copper Gloves,642,1671
Uranus,Gorgeous Aluminum Coat,98,3854
Mars,Intelligent Copper Wallet,257,3594
Mars,Rustic Steel Pants,632,3050
Saturn,Awesome Paper Wallet,321,4084
Earth,Awesome Aluminum Plate,265,2639
Mercury,Mediocre Cotton Coat,691,712
Venus,Awesome Leather Plate,55,2068
Venus,Intelligent Cotton Knife,104,1227
Uranus,Durable Cotton Computer,687,4915
Earth,Practical Wooden Clock,501,3339
Mercury,Fantastic Leather Chair,127,1150
Uranus,Synergistic Aluminum Plate,125,4527
Uranus,Gorgeous Linen Keyboard,242,4296
Uranus,Aerodynamic Linen Knife,478,4064
Saturn,Durable Paper Gloves,590,3845
Venus,Heavy Duty Linen Table,757,762
Mars,Practical Aluminum Bench,342,3152
Earth,Small Aluminum Pants,776,3773
Earth,Gorgeous Leather Lamp,655,1077
Earth,Small Leather Table,487,3103
Mercury,Gorgeous Aluminum Coat,526,1832
Venus,Incredible Linen Chair,35,3281
Neptune,Sleek Wool Shoes,357,4799
Venus,Enormous Bronze Computer,991,1475
Mars,Enormous Concrete Wallet,338,4603
Saturn,Rustic Marble Wallet,642,971
Venus,Small Bronze Computer,848,1481
Mercury,Sleek Silk Watch,967,2192
Jupiter,Synergistic Linen Plate,829,3869
Earth,Practical Wool Lamp,854,1388
Jupiter,Fantastic Cotton Coat,155,541
Neptune,Intelligent Aluminum Watch,827,1426
Mars,Gorgeous Paper Bag,571,2138
Neptune,Lightweight Concrete Shirt,70,2593
Jupiter,Rustic Plastic Pants,70,954
Earth,Incredible Wool Table,651,1807
Earth,Intelligent Leather Hat,375,4237
Jupiter,Synergistic Wool Bottle,66,2776
Neptune,Aerodynamic Plastic Table,417,4563
Earth,Synergistic Cotton Knife,811,3330
Uranus,Incredible Cotton Coat,633,4565
Uranus,Durable Leather Clock,155,1477
Mercury,Mediocre Linen Computer,874,2096
Jupiter,Small Granite Chair,687,3517
Uranus,Intelligent Granite Bottle,323,3120
Venus,Awesome Plastic Bag,470,3590
Mercury,Incredible Plastic Hat,169,2390
Earth,Rustic Iron Knife,98,4892
Earth,Intelligent Bronze Table,301,4752
Saturn,Mediocre Paper Shoes,571,1971
Uranus,Intelligent Copper Bottle,877,864
Jupiter,Synergistic Plastic Hat,866,3942
Saturn,Heavy Duty Wool Bag,931,2379
Uranus,Aerodynamic Granite Coat,271,1213
Uranus,Fantastic Bronze Gloves,601,3486
Neptune,Ergonomic Concrete Shirt,698,1405
Earth,Enormous Wooden Bag,203,2306
Venus,Small Concrete Bag,64,992
Mercury,Gorgeous Bronze Bag,85,514
Mars,Mediocre Bronze Lamp,977,4262
Mars,Sleek Granite Keyboard,617,4271
Mars,Incredible Bronze Bench,622,4076
Saturn,Incredible Iron Shirt,481,2618
Mars,Durable Marble Computer,385,1781
Mercury,Small Iron Plate,723,2301
Mercury,Durable Rubber Plate,752,1449
Earth,Sleek Linen Coat,422,2707
Uranus,Rustic Paper Lamp,666,3663
Earth,Sleek Rubber Knife,184,1763
Venus,Aerodynamic Iron Knife,225,3874
Saturn,Rustic Rubber Hat,991,4003
Saturn,Mediocre Granite Pants,19,2423
Earth,Synergistic Wool Shoes,748,2757
Earth,Lightweight Plastic Bottle,690,4872
Uranus,Fantastic Silk Car,704,523
Uranus,Fantastic Iron Plate,68,689
Earth,Gorgeous Iron Shirt,408,4760
Jupiter,Awesome Bronze Chair,484,2104
Jupiter,Heavy Duty Marble Pants,577,1489
Earth,Lightweight Silk Hat,715,2466
Saturn,Ergonomic Steel Bag,255,2386
Venus,Aerodynamic Silk Car,384,4574
Venus,Incredible Paper Bench,734,2317
Neptune,Intelligent Marble Bottle,381,3533
Mercury,Durable Silk Table,465,1640
Uranus,Rustic Plastic Pants,603,2251
Mercury,Intelligent Wool Bench,899,4960
Mercury,Aerodynamic Silk Pants,400,974
Saturn,Ergonomic Rubber Pants,499,1115
Neptune,Sleek Wooden Gloves,170,2584
Jupiter,Awesome Copper Plate,107,3069
Mars,Practical Concrete Chair,632,2080
Uranus,Practical Granite Lamp,653,1117
Uranus,Small Bronze Lamp,245,4391
Uranus,Ergonomic Linen Chair,393,3527
Saturn,Incredible Wool Shirt,46,4190
Saturn,Mediocre Copper Bag,551,1295
Mars,Aerodynamic Aluminum Plate,361,3370
Earth,Rustic Wooden Watch,331,4147
Mars,Small Wooden Hat,700,4140
Uranus,Awesome Rubber Bag,629,1639
Saturn,Mediocre Plastic Bag,708,603
Mercury,Awesome Concrete Shoes,476,3180
Neptune,Small Paper Car,316,3443
Neptune,Durable Paper Plate,633,4429
Saturn,Mediocre Wool Gloves,277,2743
Mercury,Rustic Marble Lamp,49,2341
Neptune,Ergonomic Steel Wallet,776,2412
Neptune,Heavy Duty Concrete Table,713,1788
Earth,Synergistic Wooden Car,313,2365
Jupiter,Fantastic Wool Wallet,63,1502
Saturn,Incredible Plastic Clock,620,726
Jupiter,Intelligent Leather Wallet,863,1130
Saturn,Mediocre Wooden Knife,303,4360
Uranus,Fantastic Plastic Bag,66,3807
Mars,Rustic Silk Table,215,3031
Saturn,Gorgeous Leather Car,14,2733
Mars,Gorgeous Rubber Shirt,781,1286
Neptune,Aerodynamic Copper Coat,523,2254
Venus,Incredible Granite Wallet,330,3228
Saturn,Awesome Paper Watch,15,2249
Saturn,Ergonomic Concrete Clock,621,502
Jupiter,Enormous Wool Bag,953,2956
Mars,Incredible Leather Watch,18,4223
Uranus,Rustic Leather Car,262,3294
Venus,Small Granite Coat,62,1881
Jupiter,Synergistic Linen Plate,830,522
Earth,Awesome Granite Shirt,748,4156
Uranus,Heavy Duty Paper Plate,757,2857
Jupiter,Intelligent Wooden Watch,487,1370
Mars,Awesome Cotton Clock,408,2360
Uranus,Mediocre Granite Shoes,56,4479
Neptune,Awesome Bronze Wallet,423,4637
Saturn,Rustic Iron Watch,360,2792
Jupiter,Gorgeous Plastic Chair,138,4644
Jupiter,Rustic Steel Bench,37,3359
Neptune,Incredible Rubber Lamp,250,901
Uranus,Aerodynamic Marble Car,411,696
Earth,Awesome Aluminum Shoes,698,4718
Jupiter,Aerodynamic Leather Gloves,794,4224
Saturn,Gorgeous Rubber Chair,116,4196
Saturn,Enormous Bronze Pants,814,2295
Saturn,Awesome Bronze Bag,489,2393
Mars,Aerodynamic Granite Plate,773,4843
Neptune,Small Paper Gloves,725,4579
Venus,Ergonomic Copper Wallet,811,644
Earth,Synergistic Silk Clock,89,2032
Mars,Durable Granite Keyboard,389,4612
Mars,Incredible Copper Hat,369,1783
Uranus,Durable Steel Plate,856,2933
Earth,Sleek Paper Hat,861,4998
Earth,Lightweight Paper Computer,870,513
Saturn,Enormous Wool Shirt,435,1536
Uranus,Fantastic Copper Bench,645,3870
Neptune,Lightweight Steel Computer,172,3775
Mercury,Aerodynamic Paper Wallet,267,618
Saturn,Sleek Concrete Computer,971,780
Mercury,Practical Paper Table,169,1244
Neptune,Fantastic Paper Shoes,597,1278
Mars,Small Leather Bench,55,540
Venus,Fantastic Rubber Bottle,511,2146
Earth,Gorgeous Wool Car,86,941
Mars,Rustic Aluminum Keyboard,98,889
Venus,Fantastic Iron Watch,361,4249
Jupiter,Enormous Bronze Shirt,608,1512
Jupiter,Practical Leather Plate,776,3595
Mars,Enormous Linen Computer,362,4424
Mercury,Awesome Silk Coat,107,4764
Mercury,Heavy Duty Aluminum Coat,27,906
Uranus,Practical Bronze Watch,164,4473
Uranus,Rustic Marble Bench,363,2104
Venus,Heavy Duty Wool Coat,154,2724
Saturn,Small Concrete Car,842,1995
Venus,Incredible Wooden Computer,720,3084
Jupiter,Lightweight Wooden Shoes,829,4921
Mars,Mediocre Marble Coat,822,2836
Neptune,Lightweight Copper Shoes,116,1909
Mercury,Ergonomic Granite Hat,417,703
Uranus,Heavy Duty Copper Lamp,284,1943
Uranus,Lightweight Copper Car,259,3714
Neptune,Durable Linen Pants,694,1729
Neptune,Awesome Marble Lamp,520,1414
Mercury,Synergistic Copper Shirt,674,4630
Jupiter,Small Silk Shoes,285,1202
Jupiter,Aerodynamic Silk Chair,694,1713
Earth,Ergonomic Rubber Knife,996,2219
Neptune,Sleek Concrete Bench,415,1950
Venus,Awesome Granite Bottle,468,4322
Uranus,Ergonomic Linen Hat,834,3594
Earth,Enormous Copper Plate,579,974
Saturn,Small Steel Bag,75,4957
Neptune,Rustic Rubber Bench,584,1422
Mars,Practical Marble Bag,163,4419
Venus,Small Linen Watch,948,1624
Jupiter,Ergonomic Aluminum Car,231,2712
Venus,Incredible Aluminum Car,156,1056
Earth,Small Marble Chair,249,3886
Venus,Fantastic Plastic Hat,298,2569
Uranus,Gorgeous Granite Wallet,367,2738
Jupiter,Practical Iron Keyboard,69,1524
Neptune,Gorgeous Linen Pants,870,4118
Saturn,Sleek Silk Bag,137,2148
Uranus,Heavy Duty Copper Plate,424,3193
Uranus,Aerodynamic Silk Hat,639,2669
Uranus,Synergistic Leather Keyboard,411,3960
Uranus,Mediocre Cotton Shoes,558,1653
Uranus,Sleek Paper Table,169,4514
Mercury,Enormous Rubber Lamp,933,2155
Jupiter,Durable Linen Shirt,682,3276
Venus,Synergistic Aluminum Wallet,682,1431
Uranus,Heavy Duty Cotton Bottle,501,2808
Jupiter,Mediocre Cotton Gloves,85,3840
Venus,Practical Iron Wallet,809,4492
Jupiter,Fantastic Iron Shoes,602,3580
Saturn,Synergistic Bronze Coat,461,1296
Mars,Heavy Duty Silk Hat,671,4411
Mercury,Fantastic Steel Wallet,385,1827
Mars,Synergistic Marble Computer,603,2849
Mars,Lightweight Aluminum Shirt,451,4981
Earth,Durable Concrete Wallet,955,639
Venus,Practical Bronze Watch,470,1206
Uranus,Fantastic Cotton Table,322,2335
Uranus,Incredible Wool Lamp,427,4553
Earth,Aerodynamic Wool Pants,459,4946
Neptune,Rustic Plastic Clock,402,1727
Mercury,Enormous Linen Hat,70,4684
Mercury,Small Paper Table,122,1956
Mars,Small Marble Table,198,1976
Uranus,Fantastic Cotton Pants,638,1176
Neptune,Mediocre Wool Gloves,14,3849
Jupiter,Mediocre Wooden Hat,568,916
Neptune,Ergonomic Leather Gloves,143,4562
Venus,Lightweight Plastic Bench,384,1157
Neptune,Ergonomic Cotton Keyboard,387,4149
Jupiter,Rustic Concrete Bag,565,534
Mercury,Lightweight Iron Chair,371,3652
Venus,Rustic Steel Clock,447,4625
Earth,Practical Silk Shoes,203,1137
Saturn,Ergonomic Steel Clock,133,3030
Earth,Durable Paper Bench,126,3434
Earth,Rustic Granite Chair,262,4675
Jupiter,Lightweight Granite Watch,982,1553
Venus,Small Bronze Wallet,646,3281
Mercury,Incredible Aluminum Wallet,633,3662
Earth,Fantastic Bronze Wallet,983,4416
Venus,Enormous Silk Knife,99,951
Saturn,Synergistic Leather Car,872,645
Jupiter,Practical Wooden Table,564,2023
Uranus,Small Silk Table,452,881
Venus,Aerodynamic Wooden Bench,61,2949
Earth,Fantastic Silk Keyboard,789,4946
Venus,Intelligent Bronze Shirt,386,3468
Mars,Mediocre Plastic Bench,476,3189
Jupiter,Small Marble Bench,165,1201
Saturn,Sleek Wooden Hat,62,1955
Saturn,Aerodynamic Linen Bench,524,4544
Neptune,Practical Aluminum Keyboard,159,2985
Neptune,Intelligent Linen Plate,926,1633
Mars,Rustic Aluminum Bottle,342,4805
Venus,Practical Paper Watch,77,4679
Jupiter,Synergistic Wool Shirt,462,2282
Mars,Small Leather Keyboard,558,1642
Mercury,Synergistic Copper Bench,909,1318
Saturn,Lightweight Cotton Knife,929,1597
Venus,Sleek Copper Computer,56,4713
Mars,Sleek Steel Lamp,192,3186
Venus,Durable Paper Table,291,3419
Uranus,Small Silk Table,976,3201
Earth,Gorgeous Iron Computer,388,2292
Jupiter,Sleek Linen Coat,37,1607
Saturn,Enormous Wooden Car,763,2819
Mercury,Ergonomic Iron Bench,327,1734
Venus,Small Wooden Bench,394,4661
Jupiter,Rustic Leather Bench,22,3323
Neptune,Durable Wool Car,117,3479
Jupiter,Gorgeous Marble Bottle,793,3757
Mars,Mediocre Cotton Bag,538,1923
Venus,Fantastic Wool Shirt,178,2258
Mars,Awesome Aluminum Table,311,3469
Neptune,Heavy Duty Wooden Lamp,280,3152
Mars,Enormous Plastic Watch,626,4276
Jupiter,Lightweight Plastic Bench,159,2191
Jupiter,Mediocre Silk Knife,460,1060
Venus,Incredible Silk Bench,944,1959
Earth,Intelligent Silk Shirt,288,2306
Venus,Incredible Concrete Gloves,328,1278
Earth,Heavy Duty Copper Bag,451,4683
Neptune,Incredible Cotton Shirt,918,1175
Neptune,Ergonomic Wooden Table,996,4473
Saturn,Rustic Plastic Gloves,432,4552
Neptune,Sleek Steel Hat,883,4231
Jupiter,Gorgeous Rubber Hat,588,993
Earth,Intelligent Linen Clock,953,3140
Saturn,Incredible Cotton Coat,683,4512
Mars,Incredible Marble Watch,370,3596
Saturn,Synergistic Cotton Bench,460,686
Earth,Fantastic Leather Shoes,229,3355
Venus,Aerodynamic Rubber Hat,657,3375
Mars,Lightweight Granite Bottle,252,934
Jupiter,Intelligent Linen Bottle,562,4550
Mercury,Gorgeous Iron Bag,841,875
Uranus,Intelligent Paper Shoes,827,1948
Venus,Synergistic Leather Watch,115,2200
Uranus,Gorgeous Cotton Watch,596,4966
Uranus,Practical Iron Plate,649,1389
Uranus,Enormous Copper Shirt,831,3387
Uranus,Enormous Iron Lamp,184,4493
Neptune,Awesome Paper Shoes,700,2525
Neptune,Heavy Duty Wool Computer,274,2099
Mars,Aerodynamic Rubber Computer,298,3621
Earth,Practical Silk Computer,475,2118
Mars,Fantastic Leather Plate,844,2250
Mars,Incredible Iron Table,441,3497
Mercury,Heavy Duty Cotton Plate,260,3203
Neptune,Fantastic Wool Pants,496,3112
Saturn,Gorgeous Rubber Shoes,670,823
Mars,Incredible Leather Coat,942,4303
Mercury,Small Silk Gloves,873,2267
Uranus,Gorgeous Wool Plate,401,613
Jupiter,Enormous Concrete Bench,292,589
Neptune,Incredible Iron Lamp,39,2942
Earth,Incredible Steel Watch,583,3316
Uranus,Heavy Duty Leather Pants,276,1090
Saturn,Awesome Cotton Keyboard,714,2638
Jupiter,Rustic Aluminum Car,880,1953
Venus,Rustic Granite Knife,50,1343
Neptune,Practical Rubber Hat,751,4453
Neptune,Sleek Iron Wallet,61,1991
Neptune,Lightweight Linen Watch,129,3394
Mercury,Mediocre Steel Chair,198,1813
Jupiter,Ergonomic Bronze Table,52,4081
Earth,Enormous Wooden Hat,678,3463
Jupiter,Rustic Granite Table,522,3488
Venus,Gorgeous Marble Bench,344,1345
Mars,Sleek Silk Pants,919,4880
Venus,Aerodynamic Linen Bottle,109,627
Jupiter,Enormous Iron Knife,938,914
Mercury,Sleek Marble Hat,698,3684
Earth,Enormous Wooden Car,264,3545
Neptune,Incredible Granite Hat,808,3281
Saturn,Practical Silk Clock,111,3416
Uranus,Ergonomic Wooden Watch,610,2244
Mars,Rustic Linen Keyboard,466,2347
Uranus,Practical Marble Shirt,127,1233
Venus,Mediocre Silk Pants,689,3884
Saturn,Synergistic Granite Lamp,920,4347
Mars,Small Plastic Bench,664,1157
Mars,Lightweight Cotton Car,825,3379
Jupiter,Enormous Silk Computer,331,2009
Earth,Gorgeous Silk Bench,778,2985
Venus,Sleek Steel Hat,632,1196
Saturn,Durable Concrete Bag,534,2212
Earth,Small Leather Gloves,571,4676
Jupiter,Gorgeous Aluminum Watch,666,4464
Earth,Enormous Granite Lamp,208,2567
Jupiter,Practical Linen Watch,806,4885
Earth,Rustic Bronze Table,506,3813
Uranus,Mediocre Marble Hat,849,3465
Mercury,Practical Wool Keyboard,265,1567
Jupiter,Mediocre Plastic Bench,118,1915
Mercury,Ergonomic Iron Shoes,560,2073
Uranus,Awesome Leather Knife,294,2431
Uranus,Small Granite Keyboard,382,4088
Mars,Synergistic Silk Plate,455,3429
Earth,Synergistic Iron Wallet,202,4775
Mars,Intelligent Concrete Computer,364,774
Earth,Ergonomic Copper Pants,531,3372
Venus,Synergistic Cotton Shoes,564,3021
Jupiter,Small Leather Shoes,406,978
Mercury,Small Linen Table,926,1353
Mars,Small Marble Wallet,769,4914
Mars,Aerodynamic Wool Knife,620,2559
Mars,Lightweight Bronze Plate,310,1555
Saturn,Intelligent Silk Bench,934,3328
Mars,Lightweight Concrete Computer,476,2506
Jupiter,Heavy Duty Rubber Computer,197,760
Jupiter,Aerodynamic Leather Keyboard,312,4483
Saturn,Mediocre Copper Shoes,791,4296
Venus,Intelligent Aluminum Shirt,372,2509
Earth,Aerodynamic Paper Shirt,107,3811
Mars,Small Copper Hat,785,2732
Earth,Practical Silk Chair,860,2587
Mars,Mediocre Granite Bag,997,1057
Saturn,Heavy Duty Marble Gloves,591,3427
Jupiter,Ergonomic Wooden Computer,601,3333
Mars,Ergonomic Wool Shirt,173,4080
Mars,Ergonomic Wooden Coat,397,942
Earth,Aerodynamic Concrete Keyboard,195,2523
Mars,Ergonomic Concrete Lamp,250,2774
Neptune,Mediocre Marble Chair,405,3131
Venus,Practical Cotton Shirt,761,4721
Saturn,Rustic Iron Car,118,2366
Mercury,Rustic Cotton Coat,977,1329
Neptune,Heavy Duty Paper Pants,116,3073
Mercury,Sleek Wool Shirt,735,1064
Earth,Awesome Granite Chair,775,4497
Mercury,Intelligent Plastic Shoes,974,2780
Earth,Gorgeous Copper Gloves,734,3550
Saturn,Incredible Cotton Shirt,416,2195
Jupiter,Small Silk Car,565,4040
Mercury,Gorgeous Cotton Car,464,826
Uranus,Intelligent Plastic Table,387,894
Neptune,Aerodynamic Cotton Watch,55,2716
Uranus,Mediocre Paper Table,250,1319
Neptune,Rustic Plastic Wallet,806,767
Mercury,Heavy Duty Linen Watch,916,1058
Mercury,Lightweight Rubber Wallet,709,4843
Mercury,Heavy Duty Wooden Lamp,330,4672
Neptune,Fantastic Silk Knife,59,727
Neptune,Practical Silk Hat,147,2952
Uranus,Synergistic Paper Watch,178,1676
Jupiter,Small Marble Keyboard,506,984
Uranus,Gorgeous Wooden Clock,55,588
Mars,Incredible Paper Clock,43,2635
Uranus,Intelligent Silk Table,271,3533
Neptune,Durable Aluminum Bag,260,713
Uranus,Mediocre Cotton Knife,840,1840
Venus,Rustic Rubber Hat,241,2256
Venus,Fantastic Aluminum Table,776,2293
Venus,Durable Iron Coat,806,3947
Mars,Small Linen Coat,490,2359
Neptune,Mediocre Copper Watch,929,1593
Uranus,Awesome Rubber Plate,667,2058
Venus,Awesome Aluminum Pants,340,4593
Earth,Awesome Rubber Plate,735,2325
Neptune,Sleek Bronze Wallet,501,2838
Uranus,Aerodynamic Marble Knife,462,3928
Earth,Intelligent Concrete Computer,591,4277
Earth,Synergistic Wooden Shirt,434,3357
Mercury,Practical Cotton Lamp,295,2424
Venus,Intelligent Linen Gloves,491,2793
Neptune,Rustic Plastic Pants,189,3005
Mars,Ergonomic Copper Bench,642,3689
Jupiter,Practical Granite Table,743,2334
Uranus,Practical Leather Plate,770,1367
Uranus,Incredible Concrete Car,346,1431
Earth,Enormous Rubber Coat,883,3071
Jupiter,Ergonomic Granite Table,947,4659
Jupiter,Ergonomic Aluminum Bag,861,1319
Neptune,Enormous Leather Plate,666,4271
Uranus,Incredible Wooden Car,323,1618
Uranus,Gorgeous Bronze Keyboard,842,3086
Mars,Synergistic Steel Lamp,671,4051
Saturn,Practical Linen Knife,997,1821
Neptune,Heavy Duty Rubber Gloves,970,2935
Mars,Intelligent Wooden Hat,451,4984
Saturn,Practical Marble Watch,612,916
Neptune,Rustic Leather Shoes,136,1174
Saturn,Ergonomic Bronze Pants,923,3310
Uranus,Intelligent Copper Lamp,205,4428
Neptune,Awesome Iron Bag,448,798
Venus,Rustic Cotton Keyboard,444,2182
Neptune,Incredible Cotton Bottle,767,1093
Neptune,Synergistic Granite Table,128,3619
Earth,Lightweight Steel Shoes,368,3056
Mercury,Durable Cotton Watch,891,1310
Mars,Synergistic Wooden Shirt,861,4569
Jupiter,Heavy Duty Bronze Clock,287,1704
Jupiter,Sleek Concrete Car,431,2455
Venus,Intelligent Iron Hat,219,3029
Uranus,Intelligent Silk Wallet,827,1811
Jupiter,Gorgeous Leather Car,612,1855
Venus,Aerodynamic Silk Knife,996,3791
Mercury,Fantastic Copper Bench,639,889
Mercury,Synergistic Copper Car,459,687
Saturn,Rustic Rubber Knife,269,2239
Jupiter,Heavy Duty Linen Coat,833,2405
Mars,Small Silk Bottle,529,3208
Venus,Durable Rubber Shirt,953,1974
Earth,Synergistic Wool Lamp,250,2796
Jupiter,Aerodynamic Leather Plate,153,3125
Mars,Ergonomic Concrete Car,980,3097
Neptune,Fantastic Marble Wallet,533,2425
Neptune,Fantastic Granite Bag,536,1478
Mars,Synergistic Copper Shoes,13,1138
Mars,Incredible Linen Keyboard,567,536
Mercury,Incredible Leather Table,672,1117
Jupiter,Heavy Duty Plastic Car,838,1961
Jupiter,Durable Wooden Table,399,4911
Mercury,Rustic Bronze Plate,706,3371
Uranus,Heavy Duty Rubber Plate,227,1219
Neptune,Rustic Cotton Watch,135,1361
Venus,Durable Wool Bench,79,2214
Earth,Synergistic Silk Shoes,92,4481
Saturn,Sleek Leather Bench,612,794
Saturn,Heavy Duty Wooden Gloves,876,1252
Jupiter,Gorgeous Rubber Keyboard,289,3269
Mars,Practical Copper Chair,899,1216
Mercury,Aerodynamic Bronze Bag,79,3253
Jupiter,Synergistic Leather Hat,642,3671
Uranus,Ergonomic Wooden Shoes,814,2879
Venus,Durable Aluminum Bottle,69,4106
Earth,Gorgeous Silk Pants,108,2517
Earth,Intelligent Plastic Clock,940,1710
Uranus,Incredible Wool Knife,209,2384
Venus,Heavy Duty Rubber Car,695,1035
Venus,Fantastic Bronze Bottle,522,2999
Uranus,Incredible Copper Knife,559,3376
Jupiter,Sleek Wool Car,653,2959
Saturn,Fantastic Wool Pants,854,1238
Venus,Aerodynamic Plastic Wallet,197,2993
Venus,Ergonomic Bronze Table,304,1892
Venus,Durable Cotton Coat,789,798
Mercury,Ergonomic Linen Knife,475,1163
Earth,Practical Copper Pants,184,4765
Jupiter,Ergonomic Leather Coat,492,4630
Neptune,Small Concrete Knife,966,4705
Mars,Incredible Steel Watch,317,4946
Saturn,Incredible Silk Bench,295,2782
Jupiter,Synergistic Rubber Lamp,722,2346
Mercury,Practical Concrete Computer,262,1870
Mars,Rustic Wool Gloves,251,4576
Mercury,Synergistic Plastic Shirt,524,3143
Earth,Synergistic Marble Wallet,908,2589
Saturn,Gorgeous Silk Wallet,491,672
Earth,Practical Plastic Keyboard,864,4186
Venus,Practical Wool Plate,310,3499
Uranus,Rustic Paper Computer,755,4660
Earth,Incredible Rubber Chair,886,3878
Jupiter,Mediocre Cotton Bench,272,3778
Earth,Enormous Leather Pants,704,2945
Uranus,Sleek Cotton Clock,519,2422
Venus,Mediocre Paper Hat,386,3355
Uranus,Intelligent Paper Gloves,565,1360
Venus,Lightweight Bronze Plate,709,1788
Jupiter,Fantastic Bronze Chair,510,2351
Venus,Incredible Cotton Knife,683,4991
Earth,Synergistic Iron Keyboard,588,3083
Uranus,Synergistic Cotton Bench,282,4552
Uranus,Aerodynamic Wool Car,796,2793
Venus,Mediocre Paper Plate,367,680
Neptune,Enormous Granite Watch,824,2852
Jupiter,Heavy Duty Wool Table,935,2995
Earth,Durable Steel Pants,168,2492
Mars,Durable Concrete Wallet,387,1905
Mars,Small Paper Watch,87,4926
Earth,Sleek Paper Lamp,670,1659
Earth,Heavy Duty Aluminum Watch,292,3654
Neptune,Ergonomic Iron Pants,188,2472
Saturn,Durable Marble Computer,364,508
Jupiter,Mediocre Silk Bench,590,4132
Uranus,Intelligent Concrete Wallet,499,1585
Uranus,Heavy Duty Plastic Bench,992,1748
Mars,Aerodynamic Leather Gloves,681,1815
Saturn,Ergonomic Silk Plate,927,4910
Jupiter,Mediocre Paper Bag,494,3347
Neptune,Practical Leather Wallet,880,1810
Earth,Small Cotton Keyboard,848,4025
Jupiter,Lightweight Wool Shirt,960,4535
Uranus,Enormous Silk Bottle,225,3580
Mercury,Synergistic Wooden Coat,950,1322
Mercury,Enormous Linen Table,303,877
Venus,Sleek Marble Bag,501,2439
Mercury,Lightweight Wooden Shirt,715,2863
Venus,Lightweight Paper Shoes,718,4148
Mars,Awesome Steel Coat,186,3038
Saturn,Small Concrete Computer,639,2675
Jupiter,Gorgeous Steel Car,676,4425
Saturn,Sleek Rubber Plate,351,2772
Saturn,Mediocre Bronze Table,431,3277
Venus,Incredible Wool Wallet,524,4169
Venus,Ergonomic Leather Bottle,465,1616
Jupiter,Rustic Aluminum Bottle,634,1949
Uranus,Durable Wooden Table,181,1686
Mercury,Durable Paper Computer,923,4944
Mercury,Gorgeous Iron Bag,922,2989
Earth,Gorgeous Paper Table,495,3633
Uranus,Rustic Aluminum Gloves,311,2439
Jupiter,Lightweight Paper Chair,900,2625
Neptune,Synergistic Leather Knife,945,4725
Mercury,Ergonomic Cotton Watch,322,4241
Saturn,Durable Cotton Lamp,14,892
Mercury,Fantastic Copper Watch,311,2981
Jupiter,Fantastic Linen Clock,933,4896
Earth,Rustic Granite Shirt,945,3760
Jupiter,Durable Rubber Chair,458,1318
Mars,Ergonomic Cotton Hat,40,2137
Jupiter,Durable Marble Computer,238,1363
Uranus,Incredible Plastic Computer,324,501
Mercury,Mediocre Silk Shoes,546,3663
Mercury,Awesome Leather Pants,370,4102
Mercury,Heavy Duty Silk Keyboard,778,4512
Jupiter,Sleek Leather Gloves,209,4357
Saturn,Lightweight Leather Chair,465,731
Venus,Gorgeous Leather Clock,501,3910
Neptune,Fantastic Cotton Bench,674,2064
Saturn,Incredible Wool Table,455,645
Mars,Aerodynamic Plastic Pants,64,3674
Earth,Synergistic Rubber Shoes,64,2314
Uranus,Incredible Rubber Shoes,749,4505
Mars,Incredible Cotton Keyboard,292,605
Earth,Durable Paper Knife,692,696
Jupiter,Fantastic Silk Watch,52,961
Saturn,Small Copper Bag,601,2293
Earth,Gorgeous Linen Wallet,979,4416
Mercury,Incredible Leather Gloves,671,2102
Uranus,Lightweight Leather Hat,237,3442
Uranus,Mediocre Linen Coat,66,1984
Uranus,Gorgeous Concrete Table,293,4484
Mercury,Fantastic Concrete Computer,213,1771
Jupiter,Fantastic Rubber Table,202,1286
Venus,Rustic Steel Chair,159,3049
Neptune,Enormous Copper Bench,75,2733
Mercury,Durable Copper Plate,798,4279
Uranus,Aerodynamic Silk Bag,258,645
Venus,Fantastic Marble Hat,671,2751
Mars,Practical Paper Table,184,3347
Saturn,Practical Steel Keyboard,615,3566
Neptune,Small Copper Gloves,134,2632
Neptune,Ergonomic Marble Coat,238,4503
Jupiter,Rustic Cotton Table,858,4553
Uranus,Intelligent Marble Clock,746,2170
Uranus,Practical Paper Coat,422,3154
Saturn,Intelligent Rubber Plate,766,3817
Jupiter,Fantastic Paper Hat,263,2294
Earth,Synergistic Steel Shoes,914,537
Neptune,Rustic Plastic Coat,217,2965
Uranus,Small Wooden Watch,910,2157
Saturn,Awesome Wool Table,10,2762
Neptune,Lightweight Marble Bench,293,4965
Saturn,Fantastic Marble Car,956,4936
Neptune,Durable Cotton Bag,783,3538
Venus,Intelligent Wool Car,690,1736
Venus,Fantastic Bronze Chair,198,4800
Mercury,Enormous Wooden Shirt,935,1153
Mars,Fantastic Paper Table,569,3027
Earth,Small Bronze Plate,48,4823
Neptune,Enormous Cotton Knife,252,4278
Venus,Ergonomic Cotton Clock,957,2809
Venus,Sleek Iron Lamp,372,3527
Neptune,Enormous Marble Knife,633,4943
Uranus,Aerodynamic Cotton Bag,733,2573
Jupiter,Aerodynamic Concrete Bench,312,1348
Jupiter,Aerodynamic Silk Lamp,348,2956
Uranus,Synergistic Granite Shoes,651,3504
Saturn,Enormous Steel Car,94,4519
Mercury,Lightweight Granite Bag,521,4525
Neptune,Aerodynamic Concrete Knife,821,1072
Uranus,Mediocre Linen Wallet,568,1940
Uranus,Ergonomic Marble Computer,376,2582
Jupiter,Sleek Steel Bag,700,2767
Mars,Sleek Concrete Lamp,318,1610
Jupiter,Enormous Wool Bench,553,3994
Mercury,Mediocre Linen Lamp,997,4216
Saturn,Fantastic Concrete Bottle,242,3031
Mars,Ergonomic Wooden Pants,86,3336
Mercury,Small Paper Car,807,3089
Mars,Ergonomic Paper Shirt,703,2881
Venus,Sleek Iron Watch,207,3835
Mercury,Enormous Leather Knife,204,4405
Saturn,Incredible Steel Bench,674,3716
Mars,Awesome Silk Coat,546,4152
Venus,Sleek Plastic Bag,22,4758
Earth,Mediocre Granite Keyboard,958,4547
Mars,Heavy Duty Silk Bottle,812,803
Jupiter,Intelligent Linen Bag,822,2903
Jupiter,Rustic Iron Bag,674,1375
Mars,Ergonomic Wool Keyboard,315,3405
Jupiter,Lightweight Aluminum Lamp,772,4513
Mercury,Sleek Wool Plate,345,4111
Mars,Enormous Paper Clock,981,1109
Venus,Intelligent Copper Wallet,861,3538
Jupiter,Incredible Marble Coat,333,830
Uranus,Sleek Rubber Bottle,385,2470
Saturn,Sleek Wooden Coat,70,4122
Uranus,Fantastic Concrete Lamp,355,3206
Earth,Intelligent Leather Bag,597,1978
Earth,Ergonomic Steel Gloves,811,4061
Venus,Aerodynamic Paper Bench,99,3769
Saturn,Awesome Bronze Gloves,870,4307
Earth,Durable Concrete Clock,440,3688
Venus,Ergonomic Plastic Hat,411,4972
Saturn,Aerodynamic Steel Table,578,4387
Neptune,Mediocre Granite Lamp,592,2059
Venus,Durable Plastic Bench,161,1186
Saturn,Heavy Duty Leather Keyboard,825,3511
Jupiter,Durable Marble Coat,212,2049
Mars,Fantastic Steel Hat,168,2279
Mercury,Mediocre Aluminum Hat,421,1670
Neptune,Intelligent Wooden Wallet,318,2663
Saturn,Enormous Copper Hat,964,1220
Saturn,Enormous Wooden Clock,163,4320
Saturn,Sleek Steel Shoes,872,1156
Uranus,Aerodynamic Plastic Bag,178,1297
Saturn,Fantastic Cotton Watch,681,4145
Mars,Gorgeous Paper Lamp,281,2392
Saturn,Awesome Steel Computer,736,2415
Venus,Aerodynamic Silk Keyboard,97,2722
Venus,Heavy Duty Concrete Bench,813,4897
Earth,Gorgeous Paper Coat,11,4375
Mercury,Intelligent Plastic Gloves,590,1936
Venus,Lightweight Rubber Chair,113,4966
Mars,Gorgeous Leather Table,421,4652
Earth,Intelligent Aluminum Shirt,437,749
Mars,Intelligent Steel Pants,885,968
Venus,Rustic Concrete Coat,84,2499
Uranus,Incredible Silk Plate,969,2952
Mars,Synergistic Silk Shoes,371,2831
Mercury,Gorgeous Granite Shoes,381,828
Saturn,Rustic Bronze Coat,426,4073
Venus,Heavy Duty Iron Coat,542,2270
Mars,Aerodynamic Marble Gloves,446,2930
Venus,Durable Iron Pants,435,4043
Mercury,Synergistic Leather Plate,81,4010
Jupiter,Ergonomic Copper Watch,436,917
Mercury,Rustic Bronze Clock,391,1429
Venus,Awesome Granite Chair,267,3871
Saturn,Practical Cotton Bench,571,4587
Earth,Lightweight Silk Bag,92,4913
Mercury,Sleek Wooden Table,301,3860
Venus,Awesome Leather Coat,86,4050
Uranus,Enormous Marble Bench,602,4335
Earth,Incredible Marble Wallet,506,1008
Neptune,Synergistic Rubber Pants,974,4645
Neptune,Durable Marble Bag,309,2089
Mars,Enormous Bronze Hat,11,2262
Jupiter,Small Copper Clock,147,1197
Mercury,Awesome Aluminum Bottle,634,4715
Jupiter,Awesome Rubber Computer,533,1678
Earth,Fantastic Iron Watch,776,2262
Venus,Mediocre Bronze Shoes,679,3798
Jupiter,Awesome Aluminum Plate,870,1687
Uranus,Small Cotton Shoes,67,1795
Mars,Heavy Duty Iron Wallet,974,1682
Uranus,Sleek Paper Clock,16,4896
Uranus,Durable Paper Lamp,843,3666
Saturn,Awesome Paper Lamp,568,614
Mercury,Small Bronze Bench,95,1273
Saturn,Ergonomic Paper Watch,555,3130
Venus,Enormous Rubber Bottle,150,4997
Mars,Ergonomic Steel Knife,797,1969
Mars,Fantastic Wool Computer,83,2682
Neptune,Rustic Cotton Knife,575,2564
Mercury,Practical Cotton Plate,815,2563
Mercury,Sleek Granite Watch,143,3677
Saturn,Practical Copper Wallet,431,3059
Saturn,Incredible Granite Keyboard,55,1808
Uranus,Lightweight Silk Clock,779,1549
Jupiter,Rustic Copper Watch,348,954
Mercury,Lightweight Iron Bench,448,1618
Saturn,Fantastic Leather Bag,117,2664
Neptune,Enormous Cotton Coat,860,2293
Mars,Enormous Rubber Wallet,499,3169
Venus,Heavy Duty Bronze Wallet,600,2935
Mars,Mediocre Aluminum Bag,743,749
Mercury,Enormous Rubber Pants,469,4107
Neptune,Gorgeous Paper Plate,134,2809
Mercury,Gorgeous Copper Pants,122,2352
Mercury,Gorgeous Bronze Chair,609,3183
Mars,Small Cotton Wallet,518,2783
Saturn,Practical Copper Computer,124,3319
Saturn,Heavy Duty Steel Chair,64,4207
Saturn,Rustic Rubber Knife,292,1627
Uranus,Lightweight Copper Clock,25,2824
Earth,Incredible Leather Knife,501,4733
Saturn,Fantastic Cotton Clock,530,1002
Venus,Synergistic Silk Pants,853,4307
Mars,Sleek Leather Keyboard,124,2272
Venus,Small Silk Computer,816,3095
Earth,Enormous Granite Keyboard,343,4095
Neptune,Lightweight Cotton Clock,683,4008
Earth,Incredible Paper Computer,154,1504
Mercury,Mediocre Granite Hat,60,4243
Jupiter,Heavy Duty Granite Pants,320,4801
Jupiter,Aerodynamic Paper Table,604,3612
Jupiter,Practical Granite Knife,619,4808
Mercury,Mediocre Concrete Bottle,950,4367
Uranus,Small Paper Hat,812,2367
Earth,Awesome Rubber Knife,142,3903
Earth,Practical Granite Gloves,330,2115
Jupiter,Practical Steel Coat,894,4225
Neptune,Enormous Bronze Bottle,182,576
Saturn,Enormous Paper Clock,935,2084
Mercury,Durable Marble Pants,798,1882
Mercury,Enormous Marble Plate,780,1828
Saturn,Awesome Wooden Pants,190,3764
Earth,Synergistic Silk Wallet,152,3382
Earth,Durable Steel Wallet,794,4876
Venus,Intelligent Concrete Clock,472,4395
Neptune,Aerodynamic Iron Bench,93,2186
Jupiter,Ergonomic Silk Coat,928,4271
Saturn,Durable Aluminum Knife,927,2140
Neptune,Fantastic Silk Keyboard,852,3620
Saturn,Durable Cotton Wallet,791,3636
Saturn,Practical Leather Watch,49,1033
Saturn,Durable Leather Keyboard,327,4560
Earth,Incredible Aluminum Keyboard,976,2823
Earth,Gorgeous Iron Gloves,585,3051
Mars,Gorgeous Wool Bench,844,3328
Venus,Enormous Cotton Watch,580,1173
Saturn,Small Plastic Lamp,541,1914
Uranus,Mediocre Wool Bag,332,1997
Venus,Awesome Plastic Knife,334,854
Saturn,Practical Steel Car,313,2349
Neptune,Lightweight Aluminum Plate,441,2713
Uranus,Incredible Bronze Lamp,987,4424
Venus,Enormous Granite Computer,90,1870
Neptune,Sleek Cotton Bench,403,2985
Uranus,Intelligent Marble Shirt,306,3024
Saturn,Fantastic Silk Chair,294,2400
Neptune,Enormous Leather Bag,853,4581
Venus,Small Bronze Wallet,654,2859
Saturn,Heavy Duty Copper Bag,209,916
Saturn,Enormous Iron Bag,671,1888
Mars,Mediocre Steel Clock,938,766
Earth,Durable Aluminum Keyboard,186,1054
Neptune,Durable Aluminum Table,532,4984
Neptune,Aerodynamic Granite Coat,183,1695
Mars,Gorgeous Iron Car,639,2177
Venus,Practical Copper Wallet,907,1601
Jupiter,Heavy Duty Granite Bag,732,3464
Saturn,Gorgeous Plastic Chair,937,826
Mars,Rustic Marble Computer,334,1224
Earth,Sleek Steel Chair,603,2863
Uranus,Aerodynamic Paper Clock,190,2495
Uranus,Intelligent Wool Table,700,4870
Jupiter,Gorgeous Steel Table,657,4749
Earth,Small Granite Clock,557,2318
Jupiter,Incredible Granite Wallet,149,4308
Neptune,Synergistic Wooden Table,608,3666
Earth,Enormous Aluminum Shoes,131,3988
Mercury,Awesome Bronze Car,491,2505
Saturn,Intelligent Concrete Bench,853,4117
Venus,Gorgeous Leather Computer,676,4803
Jupiter,Sleek Paper Table,100,2224
Uranus,Ergonomic Plastic Gloves,567,4285
Uranus,Sleek Marble Gloves,572,2397
Saturn,Awesome Steel Knife,997,4017
Neptune,Heavy Duty Copper Shoes,588,3905
Saturn,Ergonomic Steel Gloves,454,3475
Mars,Heavy Duty Paper Keyboard,754,2187
Jupiter,Rustic Plastic Chair,869,2651
Mars,Mediocre Copper Shoes,314,4091
Neptune,Intelligent Leather Shoes,484,930
Mars,Synergistic Granite Bag,864,1070
Mercury,Gorgeous Wooden Lamp,515,2944
Earth,Awesome Aluminum Shoes,908,1289
Uranus,Lightweight Silk Computer,55,2226
Earth,Enormous Wooden Shirt,445,854
Uranus,Gorgeous Wool Shirt,751,1479
Venus,Durable Copper Clock,850,1890
Uranus,Sleek Marble Coat,978,2098
Saturn,Awesome Linen Plate,151,815
Venus,Small Aluminum Watch,436,1250
Uranus,Small Bronze Hat,619,614
Venus,Rustic Leather Clock,824,3203
Venus,Synergistic Silk Hat,655,1010
Mercury,Gorgeous Rubber Bench,970,586
Saturn,Synergistic Copper Knife,577,1717
Uranus,Enormous Paper Plate,978,5000
Mercury,Practical Linen Knife,141,795
Uranus,Ergonomic Concrete Pants,644,4392
Venus,Intelligent Bronze Clock,649,1456
Jupiter,Practical Rubber Wallet,484,1033
Mars,Incredible Paper Lamp,862,1754
Venus,Heavy Duty Marble Gloves,707,2511
Venus,Small Concrete Pants,919,1546
Venus,Synergistic Wool Car,554,2856
Earth,Sleek Marble Bag,233,1484
Saturn,Sleek Leather Computer,714,1810
Neptune,Intelligent Concrete Lamp,377,2982
Venus,Aerodynamic Leather Table,509,1927
Saturn,Awesome Wool Table,668,3836
Neptune,Mediocre Granite Pants,880,3157
Saturn,Synergistic Granite Lamp,395,2212
Mars,Small Copper Coat,499,704
Mars,Ergonomic Iron Lamp,595,4439
Mars,Fantastic Wooden Hat,904,1666
Neptune,Ergonomic Wooden Keyboard,709,1592
Jupiter,Sleek Iron Bag,701,1808
Uranus,Small Wooden Knife,362,4623
Mars,Incredible Bronze Knife,912,981
Mars,Synergistic Wooden Pants,807,2721
Neptune,Gorgeous Copper Wallet,388,4490
Jupiter,Practical Iron Hat,967,3602
Saturn,Sleek Granite Keyboard,601,1945
Uranus,Durable Copper Plate,682,3650
Venus,Mediocre Steel Hat,770,4276
Jupiter,Enormous Wooden Plate,210,1790
Earth,Durable Cotton Plate,843,1922
Mars,Ergonomic Silk Bench,549,3268
Neptune,Awesome Rubber Shoes,944,4044
Uranus,Gorgeous Rubber Keyboard,207,2537
Mars,Synergistic Cotton Chair,705,2048
Saturn,Aerodynamic Paper Shirt,173,2449
Mars,Incredible Wooden Knife,506,3194
Neptune,Ergonomic Cotton Pants,30,1605
Jupiter,Heavy Duty Cotton Watch,808,2667
Mercury,Practical Iron Keyboard,950,677
Mars,Aerodynamic Concrete Wallet,981,4861
Jupiter,Heavy Duty Silk Bench,332,3726
Mars,Sleek Iron Lamp,502,4721
Saturn,Synergistic Linen Bottle,438,4292
Neptune,Small Iron Hat,335,986
Uranus,Small Iron Watch,521,1833
Jupiter,Intelligent Marble Plate,16,3287
Neptune,Practical Paper Pants,110,1944
Mercury,Enormous Cotton Car,408,517
Neptune,Small Linen Watch,653,1526
Mars,Rustic Wool Bag,690,4855
Jupiter,Small Bronze Coat,126,3501
Venus,Sleek Silk Knife,926,2168
Mars,Gorgeous Leather Chair,36,1254
Jupiter,Intelligent Aluminum Coat,954,4832
Venus,Fantastic Granite Coat,20,1091
Venus,Synergistic Rubber Watch,408,3923
Mars,Sleek Wool Computer,740,4689
Earth,Rustic Marble Clock,369,2660
Mercury,Enormous Linen Coat,844,2963
Uranus,Ergonomic Cotton Clock,33,3655
Neptune,Fantastic Bronze Bench,302,4839
Mars,Gorgeous Steel Table,953,2436
Uranus,Rustic Leather Lamp,88,4648
Jupiter,Gorgeous Wooden Keyboard,924,1186
Mars,Sleek Paper Clock,110,3007
Uranus,Fantastic Iron Watch,878,818
Saturn,Durable Concrete Bag,522,2348
Venus,Mediocre Rubber Plate,74,885
Neptune,Intelligent Granite Wallet,416,4849
Jupiter,Practical Marble Bottle,571,2619
Uranus,Fantastic Granite Coat,672,2524
Mars,Practical Iron Coat,337,968
Saturn,Durable Leather Hat,748,2455
Venus,Gorgeous Rubber Bench,154,1264
Mars,Mediocre Steel Chair,194,1214
Saturn,Fantastic Leather Clock,963,745
Uranus,Small Plastic Bottle,311,3909
Venus,Mediocre Bronze Plate,59,2522
Mars,Ergonomic Bronze Pants,899,3834
Mars,Intelligent Iron Bottle,18,1025
Earth,Enormous Paper Hat,54,2578
Jupiter,Intelligent Bronze Gloves,828,1164
Neptune,Gorgeous Iron Bottle,193,1449
Mars,Fantastic Iron Shoes,196,3083
Saturn,Synergistic Silk Bottle,369,4022
Saturn,Enormous Aluminum Table,527,4636
Mars,Incredible Linen Shoes,159,1846
Neptune,Fantastic Wool Chair,198,706
Uranus,Aerodynamic Linen Car,742,4588
Neptune,Small Wool Keyboard,738,568
Earth,Fantastic Leather Plate,829,4171
Earth,Enormous Cotton Wallet,364,2022
Venus,Mediocre Silk Wallet,636,4164
Venus,Enormous Concrete Bottle,773,2827
Mercury,Awesome Marble Bag,621,3680
Jupiter,Gorgeous Granite Knife,376,4199
Earth,Sleek Copper Table,139,648
Jupiter,Awesome Concrete Shoes,370,1996
Jupiter,Fantastic Copper Watch,649,953
Venus,Heavy Duty Bronze Clock,349,2774
Saturn,Aerodynamic Bronze Watch,548,2306
Mercury,Fantastic Wooden Coat,315,3532
Mercury,Lightweight Iron Car,843,2365
Earth,Incredible Paper Clock,816,1633
Saturn,Aerodynamic Leather Pants,598,3198
Venus,Fantastic Wool Bench,614,2683
Mercury,Awesome Steel Table,427,2058
Uranus,Heavy Duty Aluminum Chair,148,2913
Neptune,Intelligent Granite Bag,448,3039
Jupiter,Small Granite Shirt,731,3905
Uranus,Ergonomic Cotton Table,544,3916
Mars,Intelligent Granite Computer,232,3604
Neptune,Practical Bronze Gloves,301,4722
Saturn,Ergonomic Wool Bag,622,623
Mars,Enormous Concrete Hat,430,1132
Jupiter,Durable Silk Keyboard,512,4963
Neptune,Small Wool Coat,337,2904
Mercury,Durable Iron Car,604,1282
Saturn,Lightweight Aluminum Wallet,953,1094
Saturn,Awesome Wooden Wallet,407,958
Mars,Lightweight Plastic Bottle,479,2286
Earth,Gorgeous Concrete Plate,459,4938
Jupiter,Awesome Silk Lamp,739,1536
Uranus,Lightweight Paper Clock,983,979
Mercury,Lightweight Steel Clock,611,3454
Earth,Incredible Copper Shirt,720,2980
Mercury,Gorgeous Steel Shirt,893,2675
Saturn,Practical Steel Keyboard,483,2802
